timestamp,lat,lon,locationName,temperature,atpressure,cloudiness,rain,windspeed,Relationship,job,social,tiredness,Refresh,dow,date,Hour,day slot,Province,District, Previous 1 days, Previous 3 days, Previous 6 days, Previous 10 days,TARGET
5/12/21 0:36,38.9240056,1.4557035,"Carrer de la Torre de Can Negre, 26, 07819 Santa Eulalia del Río, Islas Baleares, España",17.42,1020,0,,7,5,N/A,2,3,3,4,5/12/2021,12:36 AM,Morning,07,819,  4.40 ,  4.40 ,  4.40 ,  4.40 ,5
5/12/21 11:42,38.9166013,1.4209726,"Avenida de la Paz, 2000, 07800, Illes Balears, España",20.35,1017,0,,7.2,3,N/A,3,3,3,4,5/12/2021,11:42 AM,Morning,07,800,  4.40 ,  4.40 ,  4.40 ,  4.40 ,4
5/12/21 14:47,38.9226127,1.4611746,"Carrer del Nyandú, 43, 07819 Santa Eulària des Riu, Illes Balears, España",21.33,1016,0,,6.17,4,N/A,2,3,3,4,5/12/2021,2:47 PM,Afternoon,07,819,  4.40 ,  4.40 ,  4.40 ,  4.40 ,4
5/12/21 17:48,38.9226094,1.461175,"Carrer del Nyandú, 43, 07819 Santa Eulària des Riu, Illes Balears, España",19.8,1014,20,,5.36,4,N/A,3,3,3,4,5/12/2021,5:48 PM,Night,07,819,  4.40 ,  4.40 ,  4.40 ,  4.40 ,5
5/12/21 20:54,38.9226061,1.4611757,"Carrer del Nyandú, 43, 07819 Santa Eulària des Riu, Illes Balears, España",18.06,1014,20,,4.47,5,N/A,3,2,4,4,5/12/2021,8:54 PM,Night,07,819,  4.40 ,  4.40 ,  4.40 ,  4.40 ,4
5/13/21 6:46,38.9226071,1.4611764,"Carrer del Nyandú, 43, 07819 Santa Eulària des Riu, Illes Balears, España",16.97,1015,0,,3.58,4,N/A,3,2,4,5,5/13/2021,6:46 AM,Morning,07,819,  4.40 ,  4.40 ,  4.00 ,  4.00 ,3
5/13/21 8:43,38.9226072,1.4611738,"Carrer del Nyandú, 43, 07819 Santa Eulària des Riu, Illes Balears, España",16.97,1016,0,,5.36,3,N/A,3,2,4,5,5/13/2021,8:43 AM,Morning,07,819,  4.40 ,  4.40 ,  4.00 ,  4.00 ,3
5/13/21 10:59,38.9226072,1.4611738,"Carrer del Nyandú, 43, 07819 Santa Eulària des Riu, Illes Balears, España",19.87,1016,100,,2.68,3,N/A,3,2,4,5,5/13/2021,10:59 AM,Morning,07,819,  4.40 ,  4.40 ,  4.00 ,  4.00 ,3
5/13/21 13:25,38.9226072,1.4611738,"Carrer del Nyandú, 43, 07819 Santa Eulària des Riu, Illes Balears, España",19.66,1015,20,,2.68,3,N/A,3,3,3,5,5/13/2021,1:25 PM,Afternoon,07,819,  4.40 ,  4.40 ,  4.00 ,  4.00 ,4
5/13/21 14:49,38.9226048,1.461174,"Carrer del Nyandú, 43, 07819 Santa Eulària des Riu, Illes Balears, España",21.46,1015,20,,4.12,2,N/A,3,2,4,5,5/13/2021,2:49 PM,Afternoon,07,819,  4.40 ,  4.40 ,  4.00 ,  4.00 ,2
5/13/21 20:02,40.5202362,-3.599147,"Poligono Sus, 56, 28109, Madrid, España",18.91,1013,40,,6.39,3,N/A,2,3,3,5,5/13/2021,8:02 PM,Night,28,109,  4.40 ,  4.40 ,  4.00 ,  4.00 ,4
5/13/21 22:23,40.4235652,-3.7002565,"Calle de Hernán Cortés, 5, 28004 Madrid, España",15.05,1014,20,,7.2,3,N/A,2,4,2,5,5/13/2021,10:23 PM,Night,28,004,  4.40 ,  4.40 ,  4.00 ,  4.00 ,4
5/14/21 1:43,40.4789559,-3.8587593,"Calle de la Brisa, 3, 28221 Majadahonda, Madrid, España",13.68,1016,0,,4.63,4,N/A,2,3,3,6,5/14/2021,1:43 AM,Morning,28,221,  3.29 ,  3.75 ,  3.67 ,  3.67 ,4
5/14/21 8:15,40.4789526,-3.8587725,"Calle Prof. Carlos Toleda, 3, 28221 Majadahonda, Madrid, España",12.03,1017,20,,6.69,4,N/A,3,3,3,6,5/14/2021,8:15 AM,Morning,28,221,  3.29 ,  3.75 ,  3.67 ,  3.67 ,4
5/14/21 10:27,40.478937,-3.8588612,"Calle Prof. Carlos Toleda, 3, 28221 Majadahonda, Madrid, España",14.65,1018,20,,6.17,5,N/A,3,3,3,6,5/14/2021,10:27 AM,Morning,28,221,  3.29 ,  3.75 ,  3.67 ,  3.67 ,4
5/14/21 12:38,40.47896,-3.8587429,"Calle de la Brisa, 3, 28221 Majadahonda, Madrid, España",16.67,1015,68,,1.79,5,N/A,3,3,3,6,5/14/2021,12:38 PM,Afternoon,28,221,  3.29 ,  3.75 ,  3.67 ,  3.67 ,4
5/16/21 10:11,40.4207005,-3.6922774,"Paseo de Recoletos, 4, 28001 Madrid, España",17.59,1016,0,,4.63,2,N/A,2,4,2,1,5/16/2021,10:11 AM,Morning,28,001,#DIV/0!,  3.55 ,  3.63 ,  3.63 ,2
5/16/21 13:23,40.4179634,-3.6783286,"Av. de Menéndez Pelayo, 37, 28009 Madrid, España",23.71,1016,0,,4.12,1,N/A,2,3,3,1,5/16/2021,1:23 PM,Afternoon,28,009,#DIV/0!,  3.55 ,  3.63 ,  3.63 ,2
5/17/21 8:39,40.4806836,-3.8609173,"Calle de Navaluenga, 16, 28231 Las Rozas de Madrid, Madrid, España",14.13,1018,0,,2.57,1,N/A,3,4,2,2,5/17/2021,8:39 AM,Morning,28,231,  2.00 ,  3.33 ,  3.44 ,  3.44 ,2
5/17/21 11:23,40.4794022,-3.8612355,"Calle Alisios, 16, 28221 Majadahonda, Madrid, España",17.74,1020,0,,0.51,2,2,3,3,3,2,5/17/2021,11:23 AM,Morning,28,221,  2.00 ,  3.33 ,  3.44 ,  3.44 ,3
5/17/21 15:09,40.4791164,-3.8602811,"Calle Alisios, 34, 28221 Majadahonda, Madrid, España",23.33,1019,0,,2.06,3,2,3,4,2,2,5/17/2021,3:09 PM,Afternoon,28,221,  2.00 ,  3.33 ,  3.44 ,  3.44 ,3
5/17/21 18:37,40.4791164,-3.8602811,"Calle Alisios, 34, 28221 Majadahonda, Madrid, España",25.36,1018,0,,4.12,3,N/A,3,4,2,2,5/17/2021,6:37 PM,Night,28,221,  2.00 ,  3.33 ,  3.44 ,  3.44 ,3
5/17/21 22:05,40.4728365,-3.8580544,"Calle Sauces, 4D, 28221 Majadahonda, Madrid, España",20.99,1018,0,,2.57,3,N/A,3,2,4,2,5/17/2021,10:05 PM,Night,28,221,  2.00 ,  3.33 ,  3.44 ,  3.44 ,3
5/18/21 0:26,40.4762995,-3.8590087,"Calle Fábrica, 7, 28221 Majadahonda, Madrid, España",18.57,1019,0,,2.06,2,N/A,3,4,2,3,5/18/2021,12:26 AM,Morning,28,221,  2.80 ,  2.57 ,  3.35 ,  3.35 ,3
5/18/21 10:30,40.478931,-3.858853,"Calle Fábrica, 7, 28221 Majadahonda, Madrid, España",18.38,1020,0,,1.03,3,3,3,3,3,3,5/18/2021,10:30 AM,Morning,28,221,  2.80 ,  2.57 ,  3.35 ,  3.35 ,3
5/18/21 13:47,40.478931,-3.8588649,"Calle Prof. Carlos Toleda, 3, 28221 Majadahonda, Madrid, España",24.13,1015,0,,3.98,3,3,3,4,2,3,5/18/2021,1:47 PM,Afternoon,28,221,  2.80 ,  2.57 ,  3.35 ,  3.35 ,3
5/18/21 16:11,40.4789297,-3.8588564,"Calle Prof. Carlos Toleda, 3, 28221 Majadahonda, Madrid, España",25.21,1014,0,,3.18,3,3,3,2,4,3,5/18/2021,4:11 PM,Night,28,221,  2.80 ,  2.57 ,  3.35 ,  3.35 ,3
5/18/21 16:17,40.4789297,-3.8588564,"Calle Prof. Carlos Toleda, 3, 28221 Majadahonda, Madrid, España",25.35,1014,0,,3.18,3,3,3,2,4,3,5/18/2021,4:17 PM,Night,28,221,  2.80 ,  2.57 ,  3.35 ,  3.35 ,3
5/18/21 18:20,40.4920144,-3.6965648,"Calle Sabadell, 104, 28034 Madrid, España",25.74,999,20,,1.34,2,N/A,2,4,2,3,5/18/2021,6:20 PM,Night,28,034,  2.80 ,  2.57 ,  3.35 ,  3.35 ,2
5/18/21 20:40,40.4920797,-3.6966243,"Calle Sabadell, 104, 28034 Madrid, España",23.72,1020,20,,1.79,3,N/A,3,4,2,3,5/18/2021,8:40 PM,Night,28,034,  2.80 ,  2.57 ,  3.35 ,  3.35 ,3
5/19/21 0:41,40.4920418,-3.6965984,"Calle Sabadell, 104, 28034 Madrid, España",18.35,1022,20,,0.45,2,N/A,3,4,2,4,5/19/2021,12:41 AM,Morning,28,034,  2.86 ,  2.71 ,  3.08 ,  3.08 ,3
5/19/21 10:05,40.4919964,-3.6966292,"Calle Sabadell, 102, 28034 Madrid, España",15.36,1024,0,,0.45,2,3,3,3,3,4,5/19/2021,10:05 AM,Morning,28,034,  2.86 ,  2.71 ,  3.08 ,  3.08 ,2
5/19/21 12:15,40.4920634,-3.6966115,"Calle Sabadell, 104, 28034 Madrid, España",18.3,1024,0,,3.58,1,2,3,3,3,4,5/19/2021,12:15 PM,Afternoon,28,034,  2.86 ,  2.71 ,  3.08 ,  3.08 ,2
5/19/21 15:05,40.4920734,-3.6966187,"Calle Sabadell, 104, 28034 Madrid, España",21.88,1022,0,,1.79,1,2,3,3,3,4,5/19/2021,3:05 PM,Afternoon,28,034,  2.86 ,  2.71 ,  3.08 ,  3.08 ,2
5/19/21 17:17,40.4920507,-3.696608,"Calle Sabadell, 104, 28034 Madrid, España",23.67,1023,0,,1.34,1,2,3,3,3,4,5/19/2021,5:17 PM,Night,28,034,  2.86 ,  2.71 ,  3.08 ,  3.08 ,2
5/19/21 19:35,40.4895637,-3.6957652,"Av del Cardenal Herrera Oria, 65, 28034 Madrid, España",24.45,997,0,,0.45,1,2,3,3,3,4,5/19/2021,7:35 PM,Night,28,034,  2.86 ,  2.71 ,  3.08 ,  3.08 ,3
5/19/21 21:52,40.4416149,-3.654868,"Av. de Badajoz, 26, 28027 Madrid, España",20.65,1022,0,,3.58,2,N/A,3,3,3,4,5/19/2021,9:52 PM,Night,28,027,  2.86 ,  2.71 ,  3.08 ,  3.08 ,4
5/20/21 7:28,40.4920086,-3.6965659,"Calle Sabadell, 104, 28034 Madrid, España",11.58,1006,0,,2.68,1,N/A,2,4,2,5,5/20/2021,7:28 AM,Morning,28,034,  2.57 ,  2.74 ,  2.80 ,  2.80 ,2
5/20/21 9:37,40.4920702,-3.6965992,"Calle Sabadell, 104, 28034 Madrid, España",15.52,1025,0,,1.79,1,2,2,3,3,5,5/20/2021,9:37 AM,Morning,28,034,  2.57 ,  2.74 ,  2.80 ,  2.80 ,3
5/20/21 12:01,40.4920227,-3.6965712,"Calle Sabadell, 104, 28034 Madrid, España",19.75,1024,0,,0.89,1,3,3,3,3,5,5/20/2021,12:01 PM,Afternoon,28,034,  2.57 ,  2.74 ,  2.80 ,  2.80 ,4
5/20/21 14:09,40.4920873,-3.6966401,"Calle Sabadell, 104, 28034 Madrid, España",22.86,1024,0,,0.45,2,N/A,3,3,3,5,5/20/2021,2:09 PM,Afternoon,28,034,  2.57 ,  2.74 ,  2.80 ,  2.80 ,4
5/20/21 16:33,40.4921018,-3.6966524,"Calle Sabadell, 104, 28034 Madrid, España",25.98,1020,0,,0.89,2,3,3,4,2,5,5/20/2021,4:33 PM,Night,28,034,  2.57 ,  2.74 ,  2.80 ,  2.80 ,3
5/20/21 18:42,40.4598118,-3.7059445,"C. Luis Missón, 11, 28039 Madrid, España",27.32,1020,0,,0.89,2,N/A,4,2,4,5,5/20/2021,6:42 PM,Night,28,039,  2.57 ,  2.74 ,  2.80 ,  2.80 ,4
5/20/21 21:31,40.411638,-3.7105677,"Plaza de Puerta de Moros, 8, 28005 Madrid, España",26.01,1019,0,,1.34,2,N/A,4,2,4,5,5/20/2021,9:31 PM,Night,28,005,  2.57 ,  2.74 ,  2.80 ,  2.80 ,4
5/21/21 0:16,40.4123773,-3.7092406,"Calle de la Cava Baja, 23, 28005 Madrid, España",21.45,1020,0,,1.34,2,N/A,4,3,3,6,5/21/2021,12:16 AM,Morning,28,005,  3.43 ,  2.95 ,  2.93 ,  2.93 ,4
5/21/21 4:34,40.4920372,-3.6965794,"Calle Sabadell, 104, 28034 Madrid, España",21.45,1020,0,,1.34,2,N/A,4,4,2,6,5/21/2021,4:34 AM,Morning,28,034,  3.43 ,  2.95 ,  2.93 ,  2.93 ,3
5/21/21 10:13,40.4920655,-3.6966079,"Calle Sabadell, 104, 28034 Madrid, España",19.2,1017,0,,0.89,1,3,3,5,1,6,5/21/2021,10:13 AM,Morning,28,034,  3.43 ,  2.95 ,  2.93 ,  2.93 ,2
5/21/21 13:31,40.4920576,-3.6966093,"Calle Sabadell, 104, 28034 Madrid, España",25.56,1015,0,,3.58,1,2,3,5,1,6,5/21/2021,1:31 PM,Afternoon,28,034,  3.43 ,  2.95 ,  2.93 ,  2.93 ,1
5/21/21 16:37,40.4920267,-3.696571,"Calle Sabadell, 104, 28034 Madrid, España",27.3,1013,0,,1.34,2,N/A,3,3,3,6,5/21/2021,4:37 PM,Night,28,034,  3.43 ,  2.95 ,  2.93 ,  2.93 ,2
5/21/21 18:40,40.4789801,-3.8587768,"Calle Prof. Carlos Toleda, 3, 28221 Majadahonda, Madrid, España",26.19,1009,0,,1.34,2,N/A,3,3,3,6,5/21/2021,6:40 PM,Night,28,221,  3.43 ,  2.95 ,  2.93 ,  2.93 ,3
5/21/21 20:47,40.425739,-3.7038736,"Calle de San Vicente Ferrer, 30, 28004 Madrid, España",24.45,1000,0,,4.02,3,N/A,3,3,3,6,5/21/2021,8:47 PM,Night,28,004,  3.43 ,  2.95 ,  2.93 ,  2.93 ,3
5/21/21 23:12,40.4228756,-3.7033074,"Corredera Baja de San Pablo, 37, 28004 Madrid, España",20.8,1015,0,,3.58,2,N/A,3,4,2,6,5/21/2021,11:12 PM,Night,28,004,  3.43 ,  2.95 ,  2.93 ,  2.93 ,3
5/22/21 1:22,40.4268666,-3.7033254,"Calle de Velarde, 22, 28004 Madrid, España",18.47,1015,0,,2.68,2,N/A,3,4,2,7,5/22/2021,1:22 AM,Morning,28,004,  2.63 ,  2.86 ,  2.83 ,  2.83 ,3
5/22/21 6:57,40.426881,-3.7033346,"Calle de Velarde, 22, 28004 Madrid, España",18.47,1015,0,,2.68,2,N/A,3,4,2,7,5/22/2021,6:57 AM,Morning,28,004,  2.63 ,  2.86 ,  2.83 ,  2.83 ,2
5/22/21 13:25,40.4269218,-3.7032895,"Calle de Velarde, 22, 28004 Madrid, España",19.53,1016,0,,5.81,3,N/A,3,3,3,7,5/22/2021,1:25 PM,Afternoon,28,004,  2.63 ,  2.86 ,  2.83 ,  2.83 ,3
5/22/21 19:45,40.4269015,-3.7033019,"Calle de Velarde, 22, 28004 Madrid, España",18.48,1001,0,,4.92,3,N/A,3,2,4,7,5/22/2021,7:45 PM,Night,28,004,  2.63 ,  2.86 ,  2.83 ,  2.83 ,4
5/22/21 22:06,40.4257293,-3.7037257,"Calle de San Vicente Ferrer, 29, 28004 Madrid, España",16.62,1016,0,,2.68,2,N/A,4,4,2,7,5/22/2021,10:06 PM,Night,28,004,  2.63 ,  2.86 ,  2.83 ,  2.83 ,3
5/23/21 18:37,40.4789286,-3.8588597,"Calle de San Vicente Ferrer, 29, 28004 Madrid, España",16.33,1014,40,,0.89,3,N/A,3,3,3,1,5/23/2021,6:37 PM,Night,28,004,  3.00 ,  3.00 ,  2.90 ,  2.90 ,3
5/24/21 3:36,40.4789292,-3.8588672,"Calle Prof. Carlos Toleda, 3, 28221 Majadahonda, Madrid, España",10.46,1017,0,,3.61,4,N/A,3,2,4,2,5/24/2021,3:36 AM,Morning,28,221,  3.00 ,  2.79 ,  2.91 ,  2.91 ,4
5/24/21 11:14,40.4920369,-3.6965941,"Calle Sabadell, 104, 28034 Madrid, España",15.75,1022,0,,0.89,4,3,3,1,5,2,5/24/2021,11:14 AM,Morning,28,034,  3.00 ,  2.79 ,  2.91 ,  2.91 ,4
5/24/21 14:29,40.4920717,-3.6966003,"Calle Sabadell, 104, 28034 Madrid, España",18.4,1022,75,,2.68,3,4,3,1,5,2,5/24/2021,2:29 PM,Afternoon,28,034,  3.00 ,  2.79 ,  2.91 ,  2.91 ,4
5/24/21 16:35,40.4920436,-3.6965952,"Calle Sabadell, 104, 28034 Madrid, España",19.82,1022,75,,2.68,3,3,3,2,4,2,5/24/2021,4:35 PM,Night,28,034,  3.00 ,  2.79 ,  2.91 ,  2.91 ,4
5/24/21 18:48,40.492086,-3.6966275,"Calle Sabadell, 104, 28034 Madrid, España",20.31,1020,75,,0.89,3,3,3,4,2,2,5/24/2021,6:48 PM,Night,28,034,  3.00 ,  2.79 ,  2.91 ,  2.91 ,3
5/24/21 20:57,40.5078641,-3.696492,"Av del Santuario de Valverde, 72, 28034 Madrid, España",19.95,1021,40,,0.45,3,N/A,2,4,2,2,5/24/2021,8:57 PM,Night,28,034,  3.00 ,  2.79 ,  2.91 ,  2.91 ,3
5/25/21 9:29,40.4920189,-3.6966014,"Calle Sabadell, 104, 28034 Madrid, España",12.43,1007,75,,2.68,3,3,3,1,5,3,5/25/2021,9:29 AM,Morning,28,034,  3.67 ,  3.33 ,  3.06 ,  3.06 ,4
5/25/21 11:36,40.4919903,-3.6965419,"Calle Sabadell, 102, 28034 Madrid, España",17.36,1001,20,,1.79,3,3,3,1,5,3,5/25/2021,11:36 AM,Morning,28,034,  3.67 ,  3.33 ,  3.06 ,  3.06 ,4
5/25/21 18:36,40.4919827,-3.6965298,"Calle Sabadell, 102, 28034 Madrid, España",24.7,1019,20,,0.45,3,3,3,1,5,3,5/25/2021,6:36 PM,Night,28,034,  3.67 ,  3.33 ,  3.06 ,  3.06 ,4
5/26/21 11:03,40.4920498,-3.6966036,"Calle Sabadell, 104, 28034 Madrid, España",17.39,1022,20,,2.24,2,3,3,4,2,4,5/26/2021,11:03 AM,Morning,28,034,  4.00 ,  3.70 ,  3.27 ,  3.27 ,3
5/26/21 13:25,40.4919801,-3.6965357,"Calle Sabadell, 102, 28034 Madrid, España",21.03,1019,20,,1.34,2,3,3,3,3,4,5/26/2021,1:25 PM,Afternoon,28,034,  4.00 ,  3.70 ,  3.27 ,  3.27 ,3
5/26/21 16:15,40.4920803,-3.6966268,"Calle Sabadell, 104, 28034 Madrid, España",24.99,1016,20,,2.68,4,3,3,2,4,4,5/26/2021,4:15 PM,Night,28,034,  4.00 ,  3.70 ,  3.27 ,  3.27 ,4
5/26/21 18:11,40.4920458,-3.6965923,"Calle Sabadell, 104, 28034 Madrid, España",25.78,993,40,,3.58,4,3,3,2,4,4,5/26/2021,6:11 PM,Night,28,034,  4.00 ,  3.70 ,  3.27 ,  3.27 ,4
5/26/21 20:07,40.4415741,-3.6548259,"Av. de Badajoz, 26, 28027 Madrid, España",25.58,1016,40,,1.34,4,N/A,3,2,4,4,5/26/2021,8:07 PM,Night,28,027,  4.00 ,  3.70 ,  3.27 ,  3.27 ,4
5/26/21 22:22,40.4712416,-3.8507796,"Norias-parque, 28221 Majadahonda, Madrid, España",22.61,1012,0,,1.36,3,N/A,3,2,4,4,5/26/2021,10:22 PM,Night,28,221,  4.00 ,  3.70 ,  3.27 ,  3.27 ,3
5/27/21 0:37,40.4789355,-3.8588368,"Calle Prof. Carlos Toleda, 3, 28221 Majadahonda, Madrid, España",19.04,1014,0,,2.44,5,N/A,3,3,3,5,5/27/2021,12:37 AM,Morning,28,221,  3.50 ,  3.67 ,  3.28 ,  3.28 ,5
5/27/21 5:39,40.4789307,-3.8588672,"Calle Prof. Carlos Toleda, 3, 28221 Majadahonda, Madrid, España",14.54,1013,0,,2.36,4,N/A,3,3,3,5,5/27/2021,5:39 AM,Morning,28,221,  3.50 ,  3.67 ,  3.28 ,  3.28 ,4
5/27/21 16:21,38.9226725,1.461135,"Carrer del Nyandú, 43, 07819 Santa Eulària des Riu, Illes Balears, España",20.51,1016,20,,4.02,4,3,3,3,3,5,5/27/2021,4:21 PM,Night,07,819,  3.50 ,  3.67 ,  3.28 ,  3.28 ,4
5/27/21 18:06,38.9226025,1.4611734,"Carrer del Nyandú, 43, 07819 Santa Eulària des Riu, Illes Balears, España",20.51,1015,0,,2.68,4,3,3,4,2,5,5/27/2021,6:06 PM,Night,07,819,  3.50 ,  3.67 ,  3.28 ,  3.28 ,4
5/27/21 20:08,38.9075023,1.4244328,"Carrer de Balears, 3, 07800 Eivissa, Illes Balears, España",19.98,1015,0,,3.13,4,N/A,3,4,2,5,5/27/2021,8:08 PM,Night,07,800,  3.50 ,  3.67 ,  3.28 ,  3.28 ,4
5/27/21 22:44,38.9226125,1.4611747,"Carrer del Nyandú, 43, 07819 Santa Eulària des Riu, Illes Balears, España",18.56,1017,20,,1.34,4,N/A,3,4,2,5,5/27/2021,10:44 PM,Night,07,819,  3.50 ,  3.67 ,  3.28 ,  3.28 ,3
5/28/21 9:36,38.9226074,1.4611755,"Carrer del Nyandú, 43, 07819 Santa Eulària des Riu, Illes Balears, España",19.2,1016,20,,2.24,4,N/A,4,2,4,6,5/28/2021,9:36 AM,Morning,07,819,  4.00 ,  3.80 ,  3.63 ,  3.63 ,4
5/28/21 12:06,38.9226049,1.4611755,"Carrer del Nyandú, 43, 07819 Santa Eulària des Riu, Illes Balears, España",20.51,1017,20,,4.02,4,3,4,2,4,6,5/28/2021,12:06 PM,Afternoon,07,819,  4.00 ,  3.80 ,  3.63 ,  3.63 ,4
5/28/21 13:55,38.9227029,1.4611229,"Carrer del Nyandú, 43, 07819 Santa Eulària des Riu, Illes Balears, España",20.43,1016,40,,4.02,4,3,3,3,3,6,5/28/2021,1:55 PM,Afternoon,07,819,  4.00 ,  3.80 ,  3.63 ,  3.63 ,3
5/28/21 17:40,38.9226064,1.4611752,"Carrer del Nyandú, 43, 07819 Santa Eulària des Riu, Illes Balears, España",20.72,1016,20,,3.13,4,N/A,3,4,2,6,5/28/2021,5:40 PM,Night,07,819,  4.00 ,  3.80 ,  3.63 ,  3.63 ,4
5/28/21 20:16,38.8977559,1.3010457,"Diseminado Can Cavat, 1053T, 07830, Illes Balears, España",19.41,1016,20,,2.57,3,N/A,4,2,4,6,5/28/2021,8:16 PM,Night,07,830,  4.00 ,  3.80 ,  3.63 ,  3.63 ,4
5/28/21 22:45,38.9106655,1.4255145,"Carrer de Canàries, 28, 07800 Eivissa, Illes Balears, España",18.69,1018,0,,0.89,3,N/A,3,3,3,6,5/28/2021,10:45 PM,Night,07,800,  4.00 ,  3.80 ,  3.63 ,  3.63 ,4
5/29/21 17:06,38.9226073,1.4611702,"Carrer del Nyandú, 43, 07819 Santa Eulària des Riu, Illes Balears, España",22.46,1018,0,,2.24,2,N/A,3,3,3,7,5/29/2021,5:06 PM,Night,07,819,  3.83 ,  3.78 ,  3.75 ,  3.75 ,3
5/29/21 20:01,38.9858459,1.5351133,"Carrer de Sant Vicent, 55, 07840 Santa Eulària des Riu, Illes Balears, España",21.58,1018,0,,2.76,4,N/A,3,3,3,7,5/29/2021,8:01 PM,Night,07,840,  3.83 ,  3.78 ,  3.75 ,  3.75 ,4
5/29/21 21:55,38.9855684,1.5346693,"Carrer de Sant Vicent, 45, 07840 Santa Eulària des Riu, Illes Balears, España",20.93,1019,0,,2.38,4,N/A,3,2,4,7,5/29/2021,9:55 PM,Night,07,840,  3.83 ,  3.78 ,  3.75 ,  3.75 ,4
5/30/21 11:58,38.9226279,1.4611604,"Carrer del Nyandú, 43, 07819 Santa Eulària des Riu, Illes Balears, España",22.9,1018,0,,1.79,4,N/A,3,1,5,1,5/30/2021,11:58 AM,Morning,07,819,  3.67 ,  3.87 ,  3.77 ,  3.77 ,4
5/30/21 13:51,38.922635,1.4612065,"Carrer del Nyandú, 43, 07819 Santa Eulària des Riu, Illes Balears, España",22.88,1018,0,,2.68,4,N/A,3,2,4,1,5/30/2021,1:51 PM,Afternoon,07,819,  3.67 ,  3.87 ,  3.77 ,  3.77 ,4
5/30/21 15:33,39.0998913,1.5025921,"Lugar Venda d'es Niu d'es Corps, 26, 07810 Sant Joan de Labritja, Illes Balears, España",22.79,1017,100,,4.39,5,N/A,4,2,4,1,5/30/2021,3:33 PM,Afternoon,07,810,  3.67 ,  3.87 ,  3.77 ,  3.77 ,4
5/30/21 17:46,39.0998837,1.5025996,"Lugar Venda d'es Niu d'es Corps, 26, 07810 Sant Joan de Labritja, Illes Balears, España",22.79,1017,100,,4.39,5,N/A,4,2,4,1,5/30/2021,5:46 PM,Night,07,810,  3.67 ,  3.87 ,  3.77 ,  3.77 ,5
5/30/21 21:53,38.9593967,1.217901,"Diseminado Poligono 11, 11007, 07829, Illes Balears, España",21.27,1016,0,,2.68,5,N/A,4,2,4,1,5/30/2021,9:53 PM,Night,07,829,  3.67 ,  3.87 ,  3.77 ,  3.77 ,5
5/30/21 23:33,38.922608,1.4611735,"Carrer del Nyandú, 43, 07819 Santa Eulària des Riu, Illes Balears, España",19.64,1018,0,,0.89,3,N/A,4,3,3,1,5/30/2021,11:33 PM,Night,07,819,  3.67 ,  3.87 ,  3.77 ,  3.77 ,4
5/31/21 9:27,38.9227101,1.4610859,"Carrer del Nyandú, 43, 07819 Santa Eulària des Riu, Illes Balears, España",21.38,1016,0,,0.89,4,N/A,3,4,2,2,5/31/2021,9:27 AM,Morning,07,819,  4.33 ,  4.00 ,  3.90 ,  3.90 ,4
5/31/21 11:16,38.9226067,1.4611786,"Carrer del Nyandú, 43, 07819 Santa Eulària des Riu, Illes Balears, España",23.12,1016,0,,1.34,4,3,3,3,3,2,5/31/2021,11:16 AM,Morning,07,819,  4.33 ,  4.00 ,  3.90 ,  3.90 ,4
5/31/21 13:12,38.9226067,1.4611786,"Carrer del Nyandú, 43, 07819 Santa Eulària des Riu, Illes Balears, España",22.68,1016,0,,1.34,4,3,3,3,3,2,5/31/2021,1:12 PM,Afternoon,07,819,  4.33 ,  4.00 ,  3.90 ,  3.90 ,4
5/31/21 16:06,38.9226065,1.4611701,"Carrer del Nyandú, 43, 07819 Santa Eulària des Riu, Illes Balears, España",23.12,1015,0,,3.13,4,N/A,3,2,4,2,5/31/2021,4:06 PM,Night,07,819,  4.33 ,  4.00 ,  3.90 ,  3.90 ,4
5/31/21 18:45,38.9226314,1.4611705,"Carrer del Nyandú, 43, 07819 Santa Eulària des Riu, Illes Balears, España",21.6,1014,0,,2.68,4,N/A,3,3,3,2,5/31/2021,6:45 PM,Night,07,819,  4.33 ,  4.00 ,  3.90 ,  3.90 ,4
5/31/21 20:31,38.9106953,1.4332742,"Avenida, Av. de Bartomeu de Roselló, 18, 07800 Eivissa, Illes Balears, España",21.12,1014,20,,1.79,4,N/A,3,2,4,2,5/31/2021,8:31 PM,Night,07,800,  4.33 ,  4.00 ,  3.90 ,  3.90 ,4
6/1/21 0:08,38.9226194,1.4611673,"Carrer del Nyandú, 43, 07819 Santa Eulària des Riu, Illes Balears, España",20.51,1014,20,,3.09,4,N/A,3,4,2,3,6/1/2021,12:08 AM,Morning,07,819,  4.00 ,  4.07 ,  3.94 ,  3.94 ,4
6/1/21 9:45,38.9226056,1.4611738,"Carrer del Nyandú, 43, 07819 Santa Eulària des Riu, Illes Balears, España",20.94,1011,0,,3.58,3,3,3,4,2,3,6/1/2021,9:45 AM,Morning,07,819,  4.00 ,  4.07 ,  3.94 ,  3.94 ,3
6/1/21 12:12,38.9226112,1.4611767,"Carrer del Nyandú, 43, 07819 Santa Eulària des Riu, Illes Balears, España",21.6,1011,0,,3.58,3,3,3,4,2,3,6/1/2021,12:12 PM,Afternoon,07,819,  4.00 ,  4.07 ,  3.94 ,  3.94 ,3
6/1/21 16:20,38.9226071,1.4611737,"Carrer del Nyandú, 43, 07819 Santa Eulària des Riu, Illes Balears, España",23.77,1009,20,,2.68,3,2,3,4,2,3,6/1/2021,4:20 PM,Night,07,819,  4.00 ,  4.07 ,  3.94 ,  3.94 ,3
6/1/21 18:55,38.9226091,1.4611741,"Carrer del Nyandú, 43, 07819 Santa Eulària des Riu, Illes Balears, España",22.03,1009,20,,4.02,3,N/A,3,4,2,3,6/1/2021,6:55 PM,Night,07,819,  4.00 ,  4.07 ,  3.94 ,  3.94 ,3
6/2/21 9:05,38.9226275,1.4611608,"Carrer del Nyandú, 43, 07819 Santa Eulària des Riu, Illes Balears, España",21.38,1014,40,,0.89,2,N/A,3,5,1,4,6/2/2021,9:05 AM,Morning,07,819,  3.20 ,  3.88 ,  3.78 ,  3.78 ,2
6/2/21 10:58,38.922606,1.4611734,"Carrer del Nyandú, 43, 07819 Santa Eulària des Riu, Illes Balears, España",22.03,1014,40,,2.68,1,2,3,5,1,4,6/2/2021,10:58 AM,Morning,07,819,  3.20 ,  3.88 ,  3.78 ,  3.78 ,2
6/2/21 14:46,38.9226174,1.4611706,"Carrer del Nyandú, 43, 07819 Santa Eulària des Riu, Illes Balears, España",22.03,1014,75,,3.13,1,2,3,4,2,4,6/2/2021,2:46 PM,Afternoon,07,819,  3.20 ,  3.88 ,  3.78 ,  3.78 ,3
6/2/21 18:00,38.9226088,1.4611737,"Carrer del Nyandú, 43, 07819 Santa Eulària des Riu, Illes Balears, España",22.47,1014,90,,2.24,1,3,3,4,2,4,6/2/2021,6:00 PM,Night,07,819,  3.20 ,  3.88 ,  3.78 ,  3.78 ,2
6/3/21 1:36,38.9709342,1.2839805,"avenida des calo, 70, 07830 Sant Josep de sa Talaia, Illes Balears, España",20.75,1017,90,,3.13,3,N/A,3,4,2,5,6/3/2021,1:36 AM,Morning,07,830,  2.25 ,  3.27 ,  3.60 ,  3.60 ,3
6/3/21 9:16,38.9709085,1.2840098,"avenida des calo, 70, 07830 Sant Josep de sa Talaia, Illes Balears, España",22.14,1018,75,,1.79,3,N/A,3,4,2,5,6/3/2021,9:16 AM,Morning,07,830,  2.25 ,  3.27 ,  3.60 ,  3.60 ,4
6/3/21 10:57,38.9709194,1.2840179,"avenida des calo, 70, 07830 Sant Josep de sa Talaia, Illes Balears, España",23.52,1019,75,,4.02,3,3,3,4,2,5,6/3/2021,10:57 AM,Morning,07,830,  2.25 ,  3.27 ,  3.60 ,  3.60 ,3
6/3/21 13:11,38.9709393,1.283969,"avenida des calo, 70, 07830 Sant Josep de sa Talaia, Illes Balears, España",25.19,1019,40,,3.58,4,4,3,3,3,5,6/3/2021,1:11 PM,Afternoon,07,830,  2.25 ,  3.27 ,  3.60 ,  3.60 ,4
6/3/21 15:00,38.9710093,1.2839387,"avenida des calo, 70, 07830 Sant Josep de sa Talaia, Illes Balears, España",25.19,1019,40,,4.02,4,3,3,2,4,5,6/3/2021,3:00 PM,Afternoon,07,830,  2.25 ,  3.27 ,  3.60 ,  3.60 ,4
6/3/21 18:36,38.9709937,1.283869,"avenida des calo, 70, 07830 Sant Josep de sa Talaia, Illes Balears, España",24.08,1017,40,,3.58,4,N/A,3,2,4,5,6/3/2021,6:36 PM,Night,07,830,  2.25 ,  3.27 ,  3.60 ,  3.60 ,4
6/3/21 20:25,38.968322,1.3021217,"Carrer de Cala de Bou, 13, 07829 Sant Josep de sa Talaia, Illes Balears, España",22.96,1017,40,,3.13,4,3,4,3,3,5,6/3/2021,8:25 PM,Night,07,829,  2.25 ,  3.27 ,  3.60 ,  3.60 ,4
6/4/21 10:13,38.9226048,1.4611713,"Carrer del Nyandú, 43, 07819 Santa Eulària des Riu, Illes Balears, España",22.03,1020,75,,0.89,3,3,3,4,2,6,6/4/2021,10:13 AM,Morning,07,819,  3.71 ,  3.19 ,  3.61 ,  3.61 ,3
6/4/21 12:46,38.9227188,1.461096,"Carrer del Nyandú, 43, 07819 Santa Eulària des Riu, Illes Balears, España",22.03,1022,75,,3.58,3,3,3,4,2,6,6/4/2021,12:46 PM,Afternoon,07,819,  3.71 ,  3.19 ,  3.61 ,  3.61 ,3
6/4/21 14:33,38.9226564,1.4611394,"Carrer del Nyandú, 43, 07819 Santa Eulària des Riu, Illes Balears, España",22.47,1020,75,,1.79,4,3,3,3,3,6,6/4/2021,2:33 PM,Afternoon,07,819,  3.71 ,  3.19 ,  3.61 ,  3.61 ,4
6/4/21 16:52,38.9226255,1.4611611,"Carrer del Nyandú, 43, 07819 Santa Eulària des Riu, Illes Balears, España",22.03,1020,75,,0.89,4,N/A,3,3,3,6,6/4/2021,4:52 PM,Night,07,819,  3.71 ,  3.19 ,  3.61 ,  3.61 ,3
6/4/21 21:10,38.9985237,1.4286675,"Carrer de la Vénda des Poble, 14, 07814 Santa Gertrudis de Fruitera, Illes Balears, España",20.78,1019,20,,0.45,4,N/A,3,3,3,6,6/4/2021,9:10 PM,Night,07,814,  3.71 ,  3.19 ,  3.61 ,  3.61 ,4
6/5/21 2:51,38.9089829,1.441051,"Carrer de la Mare de Déu, 84, 07800 Eivissa, Illes Balears, España",20.47,1020,75,,0.45,4,N/A,3,3,3,7,6/5/2021,2:51 AM,Morning,07,800,  3.40 ,  3.25 ,  3.58 ,  3.58 ,4
6/5/21 14:39,38.922608,1.4611749,"Carrer del Nyandú, 43, 07819 Santa Eulària des Riu, Illes Balears, España",21.38,1021,75,,1.79,4,N/A,3,2,4,7,6/5/2021,2:39 PM,Afternoon,07,819,  3.40 ,  3.25 ,  3.58 ,  3.58 ,4
6/5/21 18:22,38.9226056,1.4611777,"Carrer del Nyandú, 43, 07819 Santa Eulària des Riu, Illes Balears, España",21.16,1018,75,,3.13,4,N/A,3,2,4,7,6/5/2021,6:22 PM,Night,07,819,  3.40 ,  3.25 ,  3.58 ,  3.58 ,4
6/5/21 20:23,38.9226116,1.4611659,"Carrer del Nyandú, 43, 07819 Santa Eulària des Riu, Illes Balears, España",20.51,1019,75,,1.34,4,N/A,3,1,5,7,6/5/2021,8:23 PM,Night,07,819,  3.40 ,  3.25 ,  3.58 ,  3.58 ,4
6/5/21 23:02,38.9226071,1.4611727,"Carrer del Nyandú, 43, 07819 Santa Eulària des Riu, Illes Balears, España",20.3,1021,75,,1.03,3,N/A,3,2,4,7,6/5/2021,11:02 PM,Night,07,819,  3.40 ,  3.25 ,  3.58 ,  3.58 ,4
6/6/21 1:46,38.9128951,1.4491888,"Carrer Port d'Eivissa, 208, 07800 Eivissa, Illes Balears, España",19.37,1020,20,,0.89,4,N/A,3,2,4,1,6/6/2021,1:46 AM,Morning,07,800,  4.00 ,  3.71 ,  3.53 ,  3.53 ,5
6/6/21 14:58,38.9225999,1.4611656,"Carrer del Nyandú, 43, 07819 Santa Eulària des Riu, Illes Balears, España",21.81,1020,75,,3.13,4,N/A,3,2,4,1,6/6/2021,2:58 PM,Afternoon,07,819,  4.00 ,  3.71 ,  3.53 ,  3.53 ,4
6/6/21 17:16,38.9226102,1.4611712,"Carrer del Nyandú, 43, 07819 Santa Eulària des Riu, Illes Balears, España",21.81,1020,75,,2.68,4,N/A,3,2,4,1,6/6/2021,5:16 PM,Night,07,819,  4.00 ,  3.71 ,  3.53 ,  3.53 ,4
6/6/21 19:56,39.0279896,1.5577009,"Diseminado P 8 San Carlos, 68, 07850, Illes Balears, España",21.41,1020,25,,2.37,4,N/A,3,1,5,1,6/6/2021,7:56 PM,Night,07,850,  4.00 ,  3.71 ,  3.53 ,  3.53 ,4
6/7/21 9:30,38.9227138,1.4610986,"Carrer del Nyandú, 43, 07819 Santa Eulària des Riu, Illes Balears, España",21.6,1021,40,,1.34,2,N/A,3,5,1,2,6/7/2021,9:30 AM,Morning,07,819,  4.25 ,  3.86 ,  3.43 ,  3.43 ,2
6/7/21 12:07,38.9226282,1.4612019,"Carrer del Nyandú, 43, 07819 Santa Eulària des Riu, Illes Balears, España",22.68,1021,20,,2.24,2,3,3,5,1,2,6/7/2021,12:07 PM,Afternoon,07,819,  4.25 ,  3.86 ,  3.43 ,  3.43 ,2
6/7/21 16:25,38.9226222,1.4611692,"Carrer del Nyandú, 43, 07819 Santa Eulària des Riu, Illes Balears, España",23.33,1020,0,,3.13,4,3,3,3,3,2,6/7/2021,4:25 PM,Night,07,819,  4.25 ,  3.86 ,  3.43 ,  3.43 ,4
6/7/21 22:35,38.9867187,1.535484,"Carrer de sa Trenca, 251, 07849 Santa Eulària des Riu, Illes Balears, España",21.08,1019,0,,2.64,5,1,3,2,4,2,6/7/2021,10:35 PM,Night,07,849,  4.25 ,  3.86 ,  3.43 ,  3.43 ,5
6/8/21 8:13,38.9134431,1.4229421,"Carrer de Corona, 7, 07800 Eivissa, Illes Balears, España",21.07,1020,20,,0.89,5,2,3,4,2,3,6/8/2021,8:13 AM,Morning,07,800,  3.25 ,  3.85 ,  3.62 ,  3.62 ,5
6/8/21 10:00,38.9226072,1.4611737,"Carrer del Nyandú, 43, 07819 Santa Eulària des Riu, Illes Balears, España",22.03,1020,75,,3.13,4,3,3,4,2,3,6/8/2021,10:00 AM,Morning,07,819,  3.25 ,  3.85 ,  3.62 ,  3.62 ,4
6/8/21 11:53,38.9226096,1.4611735,"Carrer del Nyandú, 43, 07819 Santa Eulària des Riu, Illes Balears, España",23.12,1020,0,,2.68,5,3,3,4,2,3,6/8/2021,11:53 AM,Morning,07,819,  3.25 ,  3.85 ,  3.62 ,  3.62 ,4
6/8/21 18:53,38.8758376,1.3690466,"Unnamed Road, 07818 Aeroport d'Eivissa, Illes Balears, España",23.8,1019,0,,2.57,5,2,3,3,3,3,6/8/2021,6:53 PM,Night,07,818,  3.25 ,  3.85 ,  3.62 ,  3.62 ,5
6/8/21 20:59,40.4536789,-3.858331,"Calle Colombia, 48, 28222 Majadahonda, Madrid, España",29.83,1015,20,,3.32,5,N/A,3,4,2,3,6/8/2021,8:59 PM,Night,28,222,  3.25 ,  3.85 ,  3.62 ,  3.62 ,5
6/8/21 23:10,40.4590053,-3.8611259,"Calle Moreras, 42, 28221 Majadahonda, Madrid, España",26.98,1017,0,,1.94,5,N/A,3,4,2,3,6/8/2021,11:10 PM,Night,28,221,  3.25 ,  3.85 ,  3.62 ,  3.62 ,4
6/9/21 9:18,40.4789303,-3.8588798,"Calle Prof. Carlos Toleda, 3, 28221 Majadahonda, Madrid, España",22.84,1019,0,,1.76,4,N/A,3,5,1,4,6/9/2021,9:18 AM,Morning,28,221,  4.50 ,  4.07 ,  3.84 ,  3.84 ,2
09/06/2021 09:18,40.4789303,-3.8588798,"Calle Prof. Carlos Toleda, 3, 28221 Majadahonda, Madrid, España",22.84,1019,0,,1.76,4,N/A,3,5,1,2,9/6/2021,9:18 AM,Morning,28,221,#DIV/0!,#DIV/0!,#DIV/0!,#DIV/0!,2
09/06/2021 11:08,40.4789401,-3.85882,"Calle Prof. Carlos Toleda, 3, 28221 Majadahonda, Madrid, España",25.75,1020,0,,1.86,5,3,3,4,2,2,9/6/2021,11:08 AM,Morning,28,221,#DIV/0!,#DIV/0!,#DIV/0!,#DIV/0!,3
09/06/2021 13:45,40.4789351,-3.8588548,"Calle Prof. Carlos Toleda, 3, 28221 Majadahonda, Madrid, España",30.91,1019,0,,3.43,4,3,3,4,2,2,9/6/2021,1:45 PM,Afternoon,28,221,#DIV/0!,#DIV/0!,#DIV/0!,#DIV/0!,4
09/06/2021 15:35,40.4789391,-3.8588227,"Calle Prof. Carlos Toleda, 3, 28221 Majadahonda, Madrid, España",32.5,1017,0,,5.12,4,3,3,4,2,2,9/6/2021,3:35 PM,Afternoon,28,221,#DIV/0!,#DIV/0!,#DIV/0!,#DIV/0!,3
09/06/2021 17:33,40.4789362,-3.8588411,"Calle Prof. Carlos Toleda, 3, 28221 Majadahonda, Madrid, España",33.09,1016,20,,4.26,4,3,3,3,3,2,9/6/2021,5:33 PM,Night,28,221,#DIV/0!,#DIV/0!,#DIV/0!,#DIV/0!,4
09/06/2021 19:32,40.4789294,-3.8588761,"Calle Prof. Carlos Toleda, 3, 28221 Majadahonda, Madrid, España",32.54,1016,0,,4.38,4,3,3,3,3,2,9/6/2021,7:32 PM,Night,28,221,#DIV/0!,#DIV/0!,#DIV/0!,#DIV/0!,4
09/06/2021 21:38,40.4920691,-3.6966511,"Calle Sabadell, 104, 28034 Madrid, España",30.4,1018,20,,2.24,4,N/A,3,4,2,2,9/6/2021,9:38 PM,Night,28,221,#DIV/0!,#DIV/0!,#DIV/0!,#DIV/0!,4
09/06/2021 23:38,40.4919605,-3.6965355,"Calle Sabadell, 102, 28034 Madrid, España",25.75,1019,20,,1.34,4,N/A,3,4,2,2,9/6/2021,11:38 PM,Night,28,221,#DIV/0!,#DIV/0!,#DIV/0!,#DIV/0!,4
10/06/2021 08:34,40.4920512,-3.6966279,"Calle Sabadell, 104, 28034 Madrid, España",21.32,1009,0,,1.34,4,N/A,3,4,2,4,10/6/2021,8:34 AM,Morning,28,221,#DIV/0!,#DIV/0!,#DIV/0!,#DIV/0!,3
10/06/2021 10:32,40.4920406,-3.6965937,"Calle Sabadell, 104, 28034 Madrid, España",24.25,1020,0,,1.34,4,3,3,3,3,4,10/6/2021,10:32 AM,Morning,28,221,#DIV/0!,#DIV/0!,#DIV/0!,#DIV/0!,4
10/06/2021 12:15,40.4920316,-3.6966055,"Calle Sabadell, 104, 28034 Madrid, España",26.54,1020,0,,2.24,3,N/A,3,4,2,4,10/6/2021,12:15 PM,Afternoon,28,221,#DIV/0!,#DIV/0!,#DIV/0!,#DIV/0!,3
10/06/2021 14:39,40.4920777,-3.6966421,"Calle Sabadell, 104, 28034 Madrid, España",30.98,1019,0,,0.89,4,3,3,2,4,4,10/6/2021,2:39 PM,Afternoon,28,221,#DIV/0!,#DIV/0!,#DIV/0!,#DIV/0!,4
10/06/2021 17:17,40.4920345,-3.6965951,"Calle Sabadell, 104, 28034 Madrid, España",32.87,1016,20,,0.89,4,3,3,4,2,4,10/6/2021,5:17 PM,Night,28,221,#DIV/0!,#DIV/0!,#DIV/0!,#DIV/0!,3
10/06/2021 18:59,40.49202,-3.6965915,"Calle Sabadell, 104, 28034 Madrid, España",32.82,1015,20,,3.13,4,N/A,2,2,4,4,10/6/2021,6:59 PM,Night,28,221,#DIV/0!,#DIV/0!,#DIV/0!,#DIV/0!,3
10/06/2021 21:07,40.4315678,-3.7088233,"Calle de Vallehermoso, 16, 28015 Madrid, España",31.77,1016,0,,3.58,4,N/A,2,2,4,4,10/6/2021,9:07 PM,Night,28,221,#DIV/0!,#DIV/0!,#DIV/0!,#DIV/0!,3
10/06/2021 23:15,40.4351283,-3.7075952,"Calle de Fernández de los Ríos, 32, 28015 Madrid, España",26.74,1018,0,,1.79,5,N/A,2,2,4,4,10/6/2021,11:15 PM,Night,28,221,#DIV/0!,#DIV/0!,#DIV/0!,#DIV/0!,4
11/06/2021 08:54,40.4920277,-3.69665,"Calle Sabadell, 104, 28034 Madrid, España",21.87,1018,0,,0.89,4,N/A,2,3,3,7,11/6/2021,8:54 AM,Morning,28,221,#DIV/0!,#DIV/0!,#DIV/0!,#DIV/0!,3
11/06/2021 11:15,40.4919758,-3.6966024,"Calle Sabadell, 102, 28034 Madrid, España",25.06,1018,0,,0.89,4,3,3,3,3,7,11/6/2021,11:15 AM,Morning,28,221,#DIV/0!,#DIV/0!,#DIV/0!,#DIV/0!,4
11/06/2021 14:23,40.4920283,-3.6966578,"Calle Sabadell, 104, 28034 Madrid, España",30.17,1016,0,,3.09,4,N/A,3,2,4,7,11/6/2021,2:23 PM,Afternoon,28,221,#DIV/0!,#DIV/0!,#DIV/0!,#DIV/0!,4
11/06/2021 16:18,40.5223855,-3.8863728,"Calle Sabadell, 104, 28034 Madrid, España",31.22,1015,20,,1.03,4,3,3,3,3,7,11/6/2021,4:18 PM,Night,28,221,#DIV/0!,#DIV/0!,#DIV/0!,#DIV/0!,3
11/06/2021 18:01,41.8027647,-5.3466928,"A-6, 49630 Villalpando, Zamora, España",26.17,1013,4,,11.55,4,N/A,2,3,3,7,11/6/2021,6:01 PM,Night,28,221,#DIV/0!,#DIV/0!,#DIV/0!,#DIV/0!,3
11/06/2021 19:47,42.9008798,-7.1886237,"A-6, 27695 Becerreá, Lugo, España",16.3,1016,5,,2.94,4,N/A,3,2,4,7,11/6/2021,7:47 PM,Night,28,221,#DIV/0!,#DIV/0!,#DIV/0!,#DIV/0!,4
12/06/2021 00:05,43.0099735,-7.5547305,"Praza Anxo Fernández Gómez, 7, 27001 Lugo, España",14.31,1026,2,,1.84,4,N/A,4,2,4,2,12/6/2021,12:05 AM,Morning,28,221,#DIV/0!,#DIV/0!,#DIV/0!,#DIV/0!,4
12/06/2021 02:22,43.0097554,-7.568991,"Rúa Ameneiro, 51, 27004 Lugo, España",14.31,1025,14,,2.11,4,N/A,3,4,2,2,12/6/2021,2:22 AM,Morning,28,221,#DIV/0!,#DIV/0!,#DIV/0!,#DIV/0!,4
12/06/2021 04:26,43.0097547,-7.5690156,"Rúa Ameneiro, 51, 27004 Lugo, España",14.31,1024,39,,2.01,4,N/A,4,4,2,2,12/6/2021,4:26 AM,Morning,28,221,#DIV/0!,#DIV/0!,#DIV/0!,#DIV/0!,4
12/06/2021 11:25,43.0097526,-7.5690099,"Rúa Ameneiro, 51, 27004 Lugo, España",21.38,1022,10,,1.79,4,N/A,4,4,2,2,12/6/2021,11:25 AM,Morning,28,221,#DIV/0!,#DIV/0!,#DIV/0!,#DIV/0!,4
12/06/2021 13:10,43.1914351,-7.8808338,"Lugar Sesulfe, 16, 27300 Sesulfe, Lugo, España",22.17,1019,3,,2.86,4,N/A,4,4,2,2,12/6/2021,1:10 PM,Afternoon,28,221,#DIV/0!,#DIV/0!,#DIV/0!,#DIV/0!,4
13/06/2021 02:53,43.2809624,-8.2214687,"Av. de Fraga Iribarne, 99, 15319 Betanzos, La Coruña, España",18.14,1019,0,,0.45,4,N/A,4,3,3,#VALUE!,#VALUE!,#VALUE!,#VALUE!,28,221,  3.91 ,  3.91 ,  3.90 ,  3.90 ,4
13/06/2021 19:16,43.2809624,-8.2214687,"Av. de Fraga Iribarne, 99, 15319 Betanzos, La Coruña, España",22.99,1020,20,,4.12,4,N/A,4,4,2,#VALUE!,#VALUE!,#VALUE!,#VALUE!,28,221,  3.91 ,  3.91 ,  3.90 ,  3.90 ,4
13/06/2021 23:23,43.0102402,-7.5651808,"Rúa Monte Picato, 35, 27004 Lugo, España",16.61,1021,98,,2.04,4,N/A,4,5,1,#VALUE!,#VALUE!,#VALUE!,#VALUE!,28,221,  3.91 ,  3.91 ,  3.90 ,  3.90 ,4
14/06/2021 09:40,43.0116708,-7.5709381,"Rúa Serra de Outes, 5, 27004 Lugo, España",16.93,1026,14,,0.56,4,3,4,2,4,#VALUE!,#VALUE!,#VALUE!,#VALUE!,28,221,  3.91 ,  3.91 ,  3.90 ,  3.90 ,4
14/06/2021 13:26,43.0067384,-7.5678901,"Rúa Río Landro, 21, 27004 Lugo, España",25.89,1026,9,,0.64,4,3,4,4,2,#VALUE!,#VALUE!,#VALUE!,#VALUE!,28,221,  3.91 ,  3.91 ,  3.90 ,  3.90 ,4
14/06/2021 17:19,43.0072659,-7.5553608,"Av. Marqués de Ombreiro, 4, 27004 Lugo, España",16.1,1021,36,,2.11,4,3,4,4,2,#VALUE!,#VALUE!,#VALUE!,#VALUE!,28,221,  3.91 ,  3.91 ,  3.90 ,  3.90 ,4
14/06/2021 19:07,42.5541693,-6.601532,"Av. de la Lealtad, 4, 24400 Ponferrada, León, España",20.97,1020,80,,2.66,4,2,2,4,2,#VALUE!,#VALUE!,#VALUE!,#VALUE!,28,221,  3.91 ,  3.91 ,  3.90 ,  3.90 ,3
14/06/2021 23:34,40.6531312,-4.0495865,"Calle Tauro, 19, 28440 Guadarrama, Madrid, España",23.32,1017,2,,2.19,4,N/A,4,3,3,#VALUE!,#VALUE!,#VALUE!,#VALUE!,28,221,  3.91 ,  3.91 ,  3.90 ,  3.90 ,4
15/06/2021 02:41,40.4797199,-3.8612355,"Av. Paralela, 42D, 28221 Majadahonda, Madrid, España",23.65,1017,0,,3.6,4,2,4,4,2,#VALUE!,#VALUE!,#VALUE!,#VALUE!,28,221,  3.91 ,  3.91 ,  3.90 ,  3.90 ,4
15/06/2021 10:46,40.4785446,-3.8583725,"Calle de la Tramontana, 17, 28221 Majadahonda, Madrid, España",26.03,1016,0,,2.57,3,3,3,5,1,#VALUE!,#VALUE!,#VALUE!,#VALUE!,28,221,  3.91 ,  3.91 ,  3.90 ,  3.90 ,3
15/06/2021 21:21,40.4781315,-3.8612355,"Calle Mistral, 2, 28221 Majadahonda, Madrid, España",29.46,1011,0,,1.34,5,4,3,1,5,#VALUE!,#VALUE!,#VALUE!,#VALUE!,28,221,  3.91 ,  3.91 ,  3.90 ,  3.90 ,5